id,first_name,last_name,email
1,Jeff,Philson,jphilson0@illinois.edu
2,Joeann,Leyman,jleyman1@abc.net.au
3,Joaquin,Abriani,jabriani2@addtoany.com
4,Aurea,Conrad,aconrad3@howstuffworks.com
5,Loise,Saing,lsaing4@oaic.gov.au
6,Sam,Checchetelli,schecchetelli5@tumblr.com
7,Elyn,Trustram,etrustram6@mozilla.org
8,Demetris,Threadkell,dthreadkell7@answers.com
9,Sibelle,Waller-Bridge,swallerbridge8@adobe.com
10,Martyn,Colliss,mcolliss9@reference.com
11,Fraser,Ruddle,fruddlea@google.pl
12,Rhett,Murkin,rmurkinb@jugem.jp
13,Karole,McCorry,kmccorryc@shareasale.com
14,Caroline,Gledstane,cgledstaned@state.tx.us
15,Celestina,Filan,cfilane@irs.gov
16,Louisa,Sheridan,lsheridanf@nih.gov
17,Gerti,Ilieve,gilieveg@prlog.org
18,Derby,Jakubovsky,djakubovskyh@tinyurl.com
19,Wilton,Avent,waventi@geocities.com
20,Gilberte,Elesander,gelesanderj@ask.com
